{"accuracy":1,"_wandb":{"runtime":1},"log_loss":0.1116893179415084,"_timestamp":1.744042606988718e+09,"_runtime":1.7429289,"_step":99,"epoch":100}