{"log_loss":0.11114982402637337,"_timestamp":1.7440424283630533e+09,"_runtime":0.8660848,"_step":0,"accuracy":1,"_wandb":{"runtime":0}}