{"_timestamp":1.7440425723029451e+09,"_runtime":0.8107883,"_step":9,"epoch":10,"_wandb":{"runtime":0},"accuracy":1,"log_loss":0.11077324289861958}